label,name,split
yes_HockFight,fi100_xvi
yes_HockFight,fi101_xvi
yes_HockFight,fi102_xvi
yes_HockFight,fi103_xvi
yes_HockFight,fi104_xvi
yes_HockFight,fi105_xvi
yes_HockFight,fi106_xvi
yes_HockFight,fi107_xvi
yes_HockFight,fi108_xvi
yes_HockFight,fi109_xvi
yes_HockFight,fi10_xvi
yes_HockFight,fi110_xvi
yes_HockFight,fi111_xvi
yes_HockFight,fi112_xvi
yes_HockFight,fi113_xvi
yes_HockFight,fi114_xvi
yes_HockFight,fi115_xvi
yes_HockFight,fi116_xvi
yes_HockFight,fi117_xvi
yes_HockFight,fi118_xvi
yes_HockFight,fi119_xvi
yes_HockFight,fi11_xvi
yes_HockFight,fi120_xvi
yes_HockFight,fi121_xvi
yes_HockFight,fi122_xvi
yes_HockFight,fi123_xvi
yes_HockFight,fi124_xvi
yes_HockFight,fi125_xvi
yes_HockFight,fi126_xvi
yes_HockFight,fi127_xvi
yes_HockFight,fi128_xvi
yes_HockFight,fi129_xvi
yes_HockFight,fi12_xvi
yes_HockFight,fi130_xvi
yes_HockFight,fi131_xvi
yes_HockFight,fi132_xvi
yes_HockFight,fi133_xvi
yes_HockFight,fi134_xvi
yes_HockFight,fi135_xvi
yes_HockFight,fi136_xvi
yes_HockFight,fi137_xvi
yes_HockFight,fi138_xvi
yes_HockFight,fi139_xvi
yes_HockFight,fi13_xvi
yes_HockFight,fi140_xvi
yes_HockFight,fi141_xvi
yes_HockFight,fi142_xvi
yes_HockFight,fi143_xvi
yes_HockFight,fi144_xvi
yes_HockFight,fi145_xvi
yes_HockFight,fi146_xvi
yes_HockFight,fi147_xvi
yes_HockFight,fi148_xvi
yes_HockFight,fi149_xvi
yes_HockFight,fi14_xvi
yes_HockFight,fi150_xvi
yes_HockFight,fi151_xvi
yes_HockFight,fi152_xvi
yes_HockFight,fi153_xvi
yes_HockFight,fi154_xvi
yes_HockFight,fi155_xvi
yes_HockFight,fi156_xvi
yes_HockFight,fi157_xvi
yes_HockFight,fi158_xvi
yes_HockFight,fi159_xvi
yes_HockFight,fi15_xvi
yes_HockFight,fi160_xvi
yes_HockFight,fi161_xvi
yes_HockFight,fi162_xvi
yes_HockFight,fi163_xvi
yes_HockFight,fi164_xvi
yes_HockFight,fi165_xvi
yes_HockFight,fi166_xvi
yes_HockFight,fi167_xvi
yes_HockFight,fi168_xvi
yes_HockFight,fi169_xvi
yes_HockFight,fi16_xvi
yes_HockFight,fi170_xvi
yes_HockFight,fi171_xvi
yes_HockFight,fi172_xvi
yes_HockFight,fi173_xvi
yes_HockFight,fi174_xvi
yes_HockFight,fi175_xvi
yes_HockFight,fi176_xvi
yes_HockFight,fi177_xvi
yes_HockFight,fi178_xvi
yes_HockFight,fi179_xvi
yes_HockFight,fi17_xvi
yes_HockFight,fi180_xvi
yes_HockFight,fi181_xvi
yes_HockFight,fi182_xvi
yes_HockFight,fi183_xvi
yes_HockFight,fi184_xvi
yes_HockFight,fi185_xvi
yes_HockFight,fi186_xvi
yes_HockFight,fi187_xvi
yes_HockFight,fi188_xvi
yes_HockFight,fi189_xvi
yes_HockFight,fi18_xvi
yes_HockFight,fi190_xvi
yes_HockFight,fi191_xvi
yes_HockFight,fi192_xvi
yes_HockFight,fi193_xvi
yes_HockFight,fi194_xvi
yes_HockFight,fi195_xvi
yes_HockFight,fi196_xvi
yes_HockFight,fi197_xvi
yes_HockFight,fi198_xvi
yes_HockFight,fi199_xvi
yes_HockFight,fi19_xvi
yes_HockFight,fi1_xvi
yes_HockFight,fi200_xvi
yes_HockFight,fi201_xvi
yes_HockFight,fi202_xvi
yes_HockFight,fi203_xvi
yes_HockFight,fi204_xvi
yes_HockFight,fi205_xvi
yes_HockFight,fi206_xvi
yes_HockFight,fi207_xvi
yes_HockFight,fi208_xvi
yes_HockFight,fi209_xvi
yes_HockFight,fi20_xvi
yes_HockFight,fi210_xvi
yes_HockFight,fi211_xvi
yes_HockFight,fi212_xvi
yes_HockFight,fi213_xvi
yes_HockFight,fi214_xvi
yes_HockFight,fi215_xvi
yes_HockFight,fi216_xvi
yes_HockFight,fi217_xvi
yes_HockFight,fi218_xvi
yes_HockFight,fi219_xvi
yes_HockFight,fi21_xvi
yes_HockFight,fi220_xvi
yes_HockFight,fi221_xvi
yes_HockFight,fi222_xvi
yes_HockFight,fi223_xvi
yes_HockFight,fi224_xvi
yes_HockFight,fi225_xvi
yes_HockFight,fi226_xvi
yes_HockFight,fi227_xvi
yes_HockFight,fi228_xvi
yes_HockFight,fi229_xvi
yes_HockFight,fi22_xvi
yes_HockFight,fi230_xvi
yes_HockFight,fi231_xvi
yes_HockFight,fi232_xvi
yes_HockFight,fi233_xvi
yes_HockFight,fi234_xvi
yes_HockFight,fi235_xvi
yes_HockFight,fi236_xvi
yes_HockFight,fi237_xvi
yes_HockFight,fi238_xvi
yes_HockFight,fi239_xvi
yes_HockFight,fi23_xvi
yes_HockFight,fi240_xvi
yes_HockFight,fi241_xvi
yes_HockFight,fi242_xvi
yes_HockFight,fi243_xvi
yes_HockFight,fi244_xvi
yes_HockFight,fi245_xvi
yes_HockFight,fi246_xvi
yes_HockFight,fi247_xvi
yes_HockFight,fi248_xvi
yes_HockFight,fi249_xvi
yes_HockFight,fi24_xvi
yes_HockFight,fi250_xvi
yes_HockFight,fi251_xvi
yes_HockFight,fi252_xvi
yes_HockFight,fi253_xvi
yes_HockFight,fi254_xvi
yes_HockFight,fi255_xvi
yes_HockFight,fi256_xvi
yes_HockFight,fi257_xvi
yes_HockFight,fi258_xvi
yes_HockFight,fi259_xvi
yes_HockFight,fi25_xvi
yes_HockFight,fi260_xvi
yes_HockFight,fi261_xvi
yes_HockFight,fi262_xvi
yes_HockFight,fi263_xvi
yes_HockFight,fi264_xvi
yes_HockFight,fi265_xvi
yes_HockFight,fi266_xvi
yes_HockFight,fi267_xvi
yes_HockFight,fi268_xvi
yes_HockFight,fi269_xvi
yes_HockFight,fi26_xvi
yes_HockFight,fi270_xvi
yes_HockFight,fi271_xvi
yes_HockFight,fi272_xvi
yes_HockFight,fi273_xvi
yes_HockFight,fi274_xvi
yes_HockFight,fi275_xvi
yes_HockFight,fi276_xvi
yes_HockFight,fi277_xvi
yes_HockFight,fi278_xvi
yes_HockFight,fi279_xvi
yes_HockFight,fi27_xvi
yes_HockFight,fi280_xvi
yes_HockFight,fi281_xvi
yes_HockFight,fi282_xvi
yes_HockFight,fi283_xvi
yes_HockFight,fi284_xvi
yes_HockFight,fi285_xvi
yes_HockFight,fi286_xvi
yes_HockFight,fi287_xvi
yes_HockFight,fi288_xvi
yes_HockFight,fi289_xvi
yes_HockFight,fi28_xvi
yes_HockFight,fi290_xvi
yes_HockFight,fi291_xvi
yes_HockFight,fi292_xvi
yes_HockFight,fi293_xvi
yes_HockFight,fi294_xvi
yes_HockFight,fi295_xvi
yes_HockFight,fi296_xvi
yes_HockFight,fi297_xvi
yes_HockFight,fi298_xvi
yes_HockFight,fi299_xvi
yes_HockFight,fi29_xvi
yes_HockFight,fi2_xvi
yes_HockFight,fi300_xvi
yes_HockFight,fi301_xvi
yes_HockFight,fi302_xvi
yes_HockFight,fi303_xvi
yes_HockFight,fi304_xvi
yes_HockFight,fi305_xvi
yes_HockFight,fi306_xvi
yes_HockFight,fi307_xvi
yes_HockFight,fi308_xvi
yes_HockFight,fi309_xvi
yes_HockFight,fi30_xvi
yes_HockFight,fi310_xvi
yes_HockFight,fi311_xvi
yes_HockFight,fi312_xvi
yes_HockFight,fi313_xvi
yes_HockFight,fi314_xvi
yes_HockFight,fi315_xvi
yes_HockFight,fi316_xvi
yes_HockFight,fi317_xvi
yes_HockFight,fi318_xvi
yes_HockFight,fi319_xvi
yes_HockFight,fi31_xvi
yes_HockFight,fi320_xvi
yes_HockFight,fi321_xvi
yes_HockFight,fi322_xvi
yes_HockFight,fi323_xvi
yes_HockFight,fi324_xvi
yes_HockFight,fi325_xvi
yes_HockFight,fi326_xvi
yes_HockFight,fi327_xvi
yes_HockFight,fi328_xvi
yes_HockFight,fi329_xvi
yes_HockFight,fi32_xvi
yes_HockFight,fi330_xvi
yes_HockFight,fi331_xvi
yes_HockFight,fi332_xvi
yes_HockFight,fi333_xvi
yes_HockFight,fi334_xvi
yes_HockFight,fi335_xvi
yes_HockFight,fi336_xvi
yes_HockFight,fi337_xvi
yes_HockFight,fi338_xvi
yes_HockFight,fi339_xvi
yes_HockFight,fi33_xvi
yes_HockFight,fi340_xvi
yes_HockFight,fi341_xvi
yes_HockFight,fi342_xvi
yes_HockFight,fi343_xvi
yes_HockFight,fi344_xvi
yes_HockFight,fi345_xvi
yes_HockFight,fi346_xvi
yes_HockFight,fi347_xvi
yes_HockFight,fi348_xvi
yes_HockFight,fi349_xvi
yes_HockFight,fi34_xvi
yes_HockFight,fi350_xvi
yes_HockFight,fi351_xvi
yes_HockFight,fi352_xvi
yes_HockFight,fi353_xvi
yes_HockFight,fi354_xvi
yes_HockFight,fi355_xvi
yes_HockFight,fi356_xvi
yes_HockFight,fi357_xvi
yes_HockFight,fi358_xvi
yes_HockFight,fi359_xvi
yes_HockFight,fi35_xvi
yes_HockFight,fi360_xvi
yes_HockFight,fi361_xvi
yes_HockFight,fi362_xvi
yes_HockFight,fi363_xvi
yes_HockFight,fi364_xvi
yes_HockFight,fi365_xvi
yes_HockFight,fi366_xvi
yes_HockFight,fi367_xvi
yes_HockFight,fi368_xvi
yes_HockFight,fi369_xvi
yes_HockFight,fi36_xvi
yes_HockFight,fi370_xvi
yes_HockFight,fi371_xvi
yes_HockFight,fi372_xvi
yes_HockFight,fi373_xvi
yes_HockFight,fi374_xvi
yes_HockFight,fi375_xvi
yes_HockFight,fi376_xvi
yes_HockFight,fi377_xvi
yes_HockFight,fi378_xvi
yes_HockFight,fi379_xvi
yes_HockFight,fi37_xvi
yes_HockFight,fi380_xvi
yes_HockFight,fi381_xvi
yes_HockFight,fi382_xvi
yes_HockFight,fi383_xvi
yes_HockFight,fi384_xvi
yes_HockFight,fi385_xvi
yes_HockFight,fi386_xvi
yes_HockFight,fi387_xvi
yes_HockFight,fi388_xvi
yes_HockFight,fi389_xvi
yes_HockFight,fi38_xvi
yes_HockFight,fi390_xvi
yes_HockFight,fi391_xvi
yes_HockFight,fi392_xvi
yes_HockFight,fi393_xvi
yes_HockFight,fi394_xvi
yes_HockFight,fi395_xvi
yes_HockFight,fi396_xvi
yes_HockFight,fi397_xvi
yes_HockFight,fi398_xvi
yes_HockFight,fi399_xvi
yes_HockFight,fi39_xvi
yes_HockFight,fi3_xvi
yes_HockFight,fi400_xvi
yes_HockFight,fi40_xvi
yes_HockFight,fi41_xvi
yes_HockFight,fi42_xvi
yes_HockFight,fi43_xvi
yes_HockFight,fi44_xvi
yes_HockFight,fi45_xvi
yes_HockFight,fi46_xvi
yes_HockFight,fi47_xvi
yes_HockFight,fi48_xvi
yes_HockFight,fi49_xvi
yes_HockFight,fi4_xvi
yes_HockFight,fi50_xvi
yes_HockFight,fi51_xvi
yes_HockFight,fi52_xvi
yes_HockFight,fi53_xvi
yes_HockFight,fi54_xvi
yes_HockFight,fi55_xvi
yes_HockFight,fi56_xvi
yes_HockFight,fi57_xvi
yes_HockFight,fi58_xvi
yes_HockFight,fi59_xvi
yes_HockFight,fi5_xvi
yes_HockFight,fi60_xvi
yes_HockFight,fi61_xvi
yes_HockFight,fi62_xvi
yes_HockFight,fi63_xvi
yes_HockFight,fi64_xvi
yes_HockFight,fi65_xvi
yes_HockFight,fi66_xvi
yes_HockFight,fi67_xvi
yes_HockFight,fi68_xvi
yes_HockFight,fi69_xvi
yes_HockFight,fi6_xvi
yes_HockFight,fi70_xvi
yes_HockFight,fi71_xvi
yes_HockFight,fi72_xvi
yes_HockFight,fi73_xvi
yes_HockFight,fi74_xvi
yes_HockFight,fi75_xvi
yes_HockFight,fi76_xvi
yes_HockFight,fi77_xvi
yes_HockFight,fi78_xvi
yes_HockFight,fi79_xvi
yes_HockFight,fi7_xvi
yes_HockFight,fi80_xvi
yes_HockFight,fi81_xvi
yes_HockFight,fi82_xvi
yes_HockFight,fi83_xvi
yes_HockFight,fi84_xvi
yes_HockFight,fi85_xvi
yes_HockFight,fi86_xvi
yes_HockFight,fi87_xvi
yes_HockFight,fi88_xvi
yes_HockFight,fi89_xvi
yes_HockFight,fi8_xvi
yes_HockFight,fi90_xvi
yes_HockFight,fi91_xvi
yes_HockFight,fi92_xvi
yes_HockFight,fi93_xvi
yes_HockFight,fi94_xvi
yes_HockFight,fi95_xvi
yes_HockFight,fi96_xvi
yes_HockFight,fi97_xvi
yes_HockFight,fi98_xvi
yes_HockFight,fi99_xvi
yes_HockFight,fi9_xvi
no_HockFight,no100_xvi
no_HockFight,no101_xvi
no_HockFight,no102_xvi
no_HockFight,no103_xvi
no_HockFight,no104_xvi
no_HockFight,no105_xvi
no_HockFight,no106_xvi
no_HockFight,no107_xvi
no_HockFight,no108_xvi
no_HockFight,no109_xvi
no_HockFight,no10_xvi
no_HockFight,no110_xvi
no_HockFight,no111_xvi
no_HockFight,no112_xvi
no_HockFight,no113_xvi
no_HockFight,no114_xvi
no_HockFight,no115_xvi
no_HockFight,no116_xvi
no_HockFight,no117_xvi
no_HockFight,no118_xvi
no_HockFight,no119_xvi
no_HockFight,no11_xvi
no_HockFight,no120_xvi
no_HockFight,no121_xvi
no_HockFight,no122_xvi
no_HockFight,no123_xvi
no_HockFight,no124_xvi
no_HockFight,no125_xvi
no_HockFight,no126_xvi
no_HockFight,no127_xvi
no_HockFight,no128_xvi
no_HockFight,no129_xvi
no_HockFight,no12_xvi
no_HockFight,no130_xvi
no_HockFight,no131_xvi
no_HockFight,no132_xvi
no_HockFight,no133_xvi
no_HockFight,no134_xvi
no_HockFight,no135_xvi
no_HockFight,no136_xvi
no_HockFight,no137_xvi
no_HockFight,no138_xvi
no_HockFight,no139_xvi
no_HockFight,no13_xvi
no_HockFight,no140_xvi
no_HockFight,no141_xvi
no_HockFight,no142__xvi
no_HockFight,no143_xvi
no_HockFight,no144_xvi
no_HockFight,no145_xvi
no_HockFight,no146_xvi
no_HockFight,no147_xvi
no_HockFight,no148_xvi
no_HockFight,no149_xvi
no_HockFight,no14_xvi
no_HockFight,no150_xvi
no_HockFight,no151_xvi
no_HockFight,no152_xvi
no_HockFight,no153_xvi
no_HockFight,no154_xvi
no_HockFight,no155_xvi
no_HockFight,no156_xvi
no_HockFight,no157_xvi
no_HockFight,no158_xvi
no_HockFight,no159_xvi
no_HockFight,no15_xvi
no_HockFight,no160_xvi
no_HockFight,no161_xvi
no_HockFight,no162_xvi
no_HockFight,no163_xvi
no_HockFight,no164_xvi
no_HockFight,no165_xvi
no_HockFight,no166_xvi
no_HockFight,no167_xvi
no_HockFight,no168_xvi
no_HockFight,no169_xvi
no_HockFight,no16_xvi
no_HockFight,no170_xvi
no_HockFight,no171_xvi
no_HockFight,no172_xvi
no_HockFight,no173_xvi
no_HockFight,no174_xvi
no_HockFight,no175_xvi
no_HockFight,no176_xvi
no_HockFight,no177_xvi
no_HockFight,no178_xvi
no_HockFight,no179_xvi
no_HockFight,no17_xvi
no_HockFight,no180_xvi
no_HockFight,no181_xvi
no_HockFight,no182_xvi
no_HockFight,no183_xvi
no_HockFight,no184_xvi
no_HockFight,no185_xvi
no_HockFight,no186_xvi
no_HockFight,no187_xvi
no_HockFight,no188_xvi
no_HockFight,no189_xvi
no_HockFight,no18_xvi
no_HockFight,no190_xvi
no_HockFight,no191_xvi
no_HockFight,no192_xvi
no_HockFight,no193_xvi
no_HockFight,no194_xvi
no_HockFight,no195_xvi
no_HockFight,no196_xvi
no_HockFight,no197_xvi
no_HockFight,no198_xvi
no_HockFight,no199_xvi
no_HockFight,no19_xvi
no_HockFight,no1_xvi
no_HockFight,no200_xvi
no_HockFight,no201_xvi
no_HockFight,no202_xvi
no_HockFight,no203_xvi
no_HockFight,no204_xvi
no_HockFight,no205_xvi
no_HockFight,no206_xvi
no_HockFight,no207_xvi
no_HockFight,no208_xvi
no_HockFight,no209_xvi
no_HockFight,no20_xvi
no_HockFight,no210_xvi
no_HockFight,no211_xvi
no_HockFight,no212_xvi
no_HockFight,no213_xvi
no_HockFight,no214_xvi
no_HockFight,no215_xvi
no_HockFight,no216_xvi
no_HockFight,no217_xvi
no_HockFight,no218_xvi
no_HockFight,no219_xvi
no_HockFight,no21_xvi
no_HockFight,no220_xvi
no_HockFight,no221_xvi
no_HockFight,no222_xvi
no_HockFight,no223_xvi
no_HockFight,no224_xvi
no_HockFight,no225_xvi
no_HockFight,no226_xvi
no_HockFight,no227_xvi
no_HockFight,no228_xvi
no_HockFight,no229_xvi
no_HockFight,no22_xvi
no_HockFight,no230_xvi
no_HockFight,no231_xvi
no_HockFight,no232_xvi
no_HockFight,no233_xvi
no_HockFight,no234_xvi
no_HockFight,no235_xvi
no_HockFight,no236_xvi
no_HockFight,no237_xvi
no_HockFight,no238mpg_xvi
no_HockFight,no239_xvi
no_HockFight,no23_xvi
no_HockFight,no240_xvi
no_HockFight,no241_xvi
no_HockFight,no242_xvi
no_HockFight,no243_xvi
no_HockFight,no244_xvi
no_HockFight,no245_xvi
no_HockFight,no246_xvi
no_HockFight,no247_xvi
no_HockFight,no248_xvi
no_HockFight,no249_xvi
no_HockFight,no24_xvi
no_HockFight,no250_xvi
no_HockFight,no251_xvi
no_HockFight,no252_xvi
no_HockFight,no253_xvi
no_HockFight,no254_xvi
no_HockFight,no255_xvi
no_HockFight,no256_xvi
no_HockFight,no257_xvi
no_HockFight,no258_xvi
no_HockFight,no259_xvi
no_HockFight,no25_xvi
no_HockFight,no260_xvi
no_HockFight,no261_xvi
no_HockFight,no262_xvi
no_HockFight,no263_xvi
no_HockFight,no264_xvi
no_HockFight,no265_xvi
no_HockFight,no266_xvi
no_HockFight,no267_xvi
no_HockFight,no268_xvi
no_HockFight,no269_xvi
no_HockFight,no26_xvi
no_HockFight,no270_xvi
no_HockFight,no271_xvi
no_HockFight,no272_xvi
no_HockFight,no273_xvi
no_HockFight,no274_xvi
no_HockFight,no275_xvi
no_HockFight,no276_xvi
no_HockFight,no277_xvi
no_HockFight,no278_xvi
no_HockFight,no279_xvi
no_HockFight,no27_xvi
no_HockFight,no280_xvi
no_HockFight,no281_xvi
no_HockFight,no282_xvi
no_HockFight,no283_xvi
no_HockFight,no284_xvi
no_HockFight,no285_xvi
no_HockFight,no286_xvi
no_HockFight,no287_xvi
no_HockFight,no288_xvi
no_HockFight,no289_xvi
no_HockFight,no28_xvi
no_HockFight,no290_xvi
no_HockFight,no291_xvi
no_HockFight,no292_xvi
no_HockFight,no293_xvi
no_HockFight,no294_xvi
no_HockFight,no295_xvi
no_HockFight,no296_xvi
no_HockFight,no297_xvi
no_HockFight,no298_xvi
no_HockFight,no299_xvi
no_HockFight,no29_xvi
no_HockFight,no2_xvi
no_HockFight,no300_xvi
no_HockFight,no301_xvi
no_HockFight,no302_xvi
no_HockFight,no303_xvi
no_HockFight,no304_xvi
no_HockFight,no305_xvi
no_HockFight,no306_xvi
no_HockFight,no307_xvi
no_HockFight,no308_xvi
no_HockFight,no309_xvi
no_HockFight,no30_xvi
no_HockFight,no310_xvi
no_HockFight,no311_xvi
no_HockFight,no312_xvi
no_HockFight,no313_xvi
no_HockFight,no314_xvi
no_HockFight,no315_xvi
no_HockFight,no316_xvi
no_HockFight,no317_xvi
no_HockFight,no318_xvi
no_HockFight,no319_xvi
no_HockFight,no31_xvi
no_HockFight,no320_xvi
no_HockFight,no321_xvi
no_HockFight,no322_xvi
no_HockFight,no323_xvi
no_HockFight,no324_xvi
no_HockFight,no325_xvi
no_HockFight,no326_xvi
no_HockFight,no327_xvi
no_HockFight,no328_xvi
no_HockFight,no329_xvi
no_HockFight,no32_xvi
no_HockFight,no330_xvi
no_HockFight,no331_xvi
no_HockFight,no332_xvi
no_HockFight,no333_xvi
no_HockFight,no334_xvi
no_HockFight,no335_xvi
no_HockFight,no336_xvi
no_HockFight,no337_xvi
no_HockFight,no338_xvi
no_HockFight,no339_xvi
no_HockFight,no33_xvi
no_HockFight,no340_xvi
no_HockFight,no341_xvi
no_HockFight,no342_xvi
no_HockFight,no343_xvi
no_HockFight,no344_xvi
no_HockFight,no345_xvi
no_HockFight,no346_xvi
no_HockFight,no347_xvi
no_HockFight,no348_xvi
no_HockFight,no349_xvi
no_HockFight,no34_xvi
no_HockFight,no350_xvi
no_HockFight,no351_xvi
no_HockFight,no352_xvi
no_HockFight,no353_xvi
no_HockFight,no354_xvi
no_HockFight,no355_xvi
no_HockFight,no356_xvi
no_HockFight,no357_xvi
no_HockFight,no358_xvi
no_HockFight,no359_xvi
no_HockFight,no35_xvi
no_HockFight,no360_xvi
no_HockFight,no361_xvi
no_HockFight,no362_xvi
no_HockFight,no363_xvi
no_HockFight,no364_xvi
no_HockFight,no365_xvi
no_HockFight,no366_xvi
no_HockFight,no367_xvi
no_HockFight,no368_xvi
no_HockFight,no369_xvi
no_HockFight,no36_xvi
no_HockFight,no370_xvi
no_HockFight,no371_xvi
no_HockFight,no372_xvi
no_HockFight,no373_xvi
no_HockFight,no374_xvi
no_HockFight,no375_xvi
no_HockFight,no376_xvi
no_HockFight,no377_xvi
no_HockFight,no378_xvi
no_HockFight,no379_xvi
no_HockFight,no37_xvi
no_HockFight,no380_xvi
no_HockFight,no381_xvi
no_HockFight,no382_xvi
no_HockFight,no383_xvi
no_HockFight,no384_xvi
no_HockFight,no385_xvi
no_HockFight,no386_xvi
no_HockFight,no387_xvi
no_HockFight,no388_xvi
no_HockFight,no389_xvi
no_HockFight,no38_xvi
no_HockFight,no390_xvi
no_HockFight,no391_xvi
no_HockFight,no392_xvi
no_HockFight,no393_xvi
no_HockFight,no394_xvi
no_HockFight,no395_xvi
no_HockFight,no396_xvi
no_HockFight,no397_xvi
no_HockFight,no398_xvi
no_HockFight,no399_xvi
no_HockFight,no39_xvi
no_HockFight,no3_xvi
no_HockFight,no400_xvi
no_HockFight,no40_xvi
no_HockFight,no41_xvi
no_HockFight,no42_xvi
no_HockFight,no43_xvi
no_HockFight,no44_xvi
no_HockFight,no45_xvi
no_HockFight,no46_xvi
no_HockFight,no47_xvi
no_HockFight,no48_xvi
no_HockFight,no49_xvi
no_HockFight,no4_xvi
no_HockFight,no50_xvi
no_HockFight,no51_xvi
no_HockFight,no52_xvi
no_HockFight,no53_xvi
no_HockFight,no54_xvi
no_HockFight,no55_xvi
no_HockFight,no56_xvi
no_HockFight,no57_xvi
no_HockFight,no58_xvi
no_HockFight,no59_xvi
no_HockFight,no5_xvi
no_HockFight,no60_xvi
no_HockFight,no61_xvi
no_HockFight,no62_xvi
no_HockFight,no63_xvi
no_HockFight,no64_xvi
no_HockFight,no65___xvi
no_HockFight,no66_xvi
no_HockFight,no67_xvi
no_HockFight,no68_xvi
no_HockFight,no69_xvi
no_HockFight,no6_xvi
no_HockFight,no70_xvi
no_HockFight,no71_xvi
no_HockFight,no72_xvi
no_HockFight,no73_xvi
no_HockFight,no74_xvi
no_HockFight,no75_xvi
no_HockFight,no76_xvi
no_HockFight,no77_xvi
no_HockFight,no78_xvi
no_HockFight,no79_xvi
no_HockFight,no7_xvi
no_HockFight,no80_xvi
no_HockFight,no81_xvi
no_HockFight,no82_xvi
no_HockFight,no83_xvi
no_HockFight,no84_xvi
no_HockFight,no85_xvi
no_HockFight,no86_xvi
no_HockFight,no87_xvi
no_HockFight,no88_xvi
no_HockFight,no89_xvi
no_HockFight,no8_xvi
no_HockFight,no90_xvi
no_HockFight,no91_xvi
no_HockFight,no92_xvi
no_HockFight,no93_xvi
no_HockFight,no94_xvi
no_HockFight,no95_xvi
no_HockFight,no96_xvi
no_HockFight,no97_xvi
no_HockFight,no98_xvi
no_HockFight,no99_xvi
no_HockFight,no9_xvi
