label,name
no_violence,no408_xvid
no_violence,NV_400
no_violence,NV_781
no_violence,NV_545
no_violence,no113_xvid
no_violence,NV_814
no_violence,no193_xvid
no_violence,NV_551
no_violence,NV_156
no_violence,NV_780
no_violence,NV_288
no_violence,NV_595
no_violence,no83_xvid
no_violence,NV_216
no_violence,no174_xvid
no_violence,no236_xvid
no_violence,NV_832
no_violence,NV_670
no_violence,NV_719
no_violence,NV_807
no_violence,NV_440
no_violence,NV_637
no_violence,NV_471
no_violence,NV_801
no_violence,NV_238
no_violence,NV_711
no_violence,no206_xvid
no_violence,no118_xvid
no_violence,NV_735
no_violence,NV_373
no_violence,no453_xvid
no_violence,NV_407
no_violence,NV_863
no_violence,NV_126
no_violence,no212_xvid
no_violence,NV_560
no_violence,no145_xvid
no_violence,NV_398
no_violence,NV_98
no_violence,no404_xvid
no_violence,NV_259
no_violence,NV_798
no_violence,no241_xvid
no_violence,NV_317
no_violence,NV_977
no_violence,NV_186
no_violence,no146_xvid
no_violence,no235_xvid
no_violence,no53_xvid
no_violence,NV_840
no_violence,no65___xvid
no_violence,NV_111
no_violence,NV_882
no_violence,NV_75
no_violence,no49_xvid
no_violence,NV_327
no_violence,NV_500
no_violence,NV_812
no_violence,NV_444
no_violence,no139_xvid
no_violence,no454_xvid
no_violence,NV_396
no_violence,NV_791
no_violence,NV_506
no_violence,NV_467
no_violence,no196_xvid
no_violence,NV_698
no_violence,no81_xvid
no_violence,no125_xvid
no_violence,NV_980
no_violence,no220_xvid
no_violence,NV_820
no_violence,NV_201
no_violence,NV_676
no_violence,NV_226
no_violence,NV_809
no_violence,NV_476
no_violence,NV_118
no_violence,NV_453
no_violence,NV_956
no_violence,NV_763
no_violence,NV_394
no_violence,no238mpg_xvid
no_violence,no68_xvid
no_violence,NV_130
no_violence,NV_5
no_violence,NV_159
no_violence,NV_242
no_violence,NV_708
no_violence,NV_451
no_violence,NV_305
no_violence,NV_759
no_violence,no75_xvid
no_violence,NV_34
no_violence,NV_870
no_violence,NV_831
no_violence,no23_xvid
no_violence,no240_xvid
no_violence,no247_xvid
no_violence,NV_397
no_violence,no77_xvid
no_violence,NV_909
no_violence,NV_728
no_violence,NV_925
no_violence,NV_208
no_violence,no150_xvid
no_violence,NV_410
no_violence,NV_664
no_violence,NV_318
no_violence,no216_xvid
no_violence,no485_xvid
no_violence,no7_xvid
no_violence,NV_8
no_violence,NV_420
no_violence,NV_684
no_violence,no133_xvid
no_violence,NV_150
no_violence,NV_608
no_violence,no232_xvid
no_violence,NV_918
no_violence,NV_587
no_violence,NV_496
no_violence,NV_125
no_violence,no464_xvid
no_violence,NV_489
no_violence,NV_29
no_violence,NV_756
no_violence,NV_235
no_violence,NV_768
no_violence,no445_xvid
no_violence,NV_329
no_violence,NV_691
no_violence,NV_583
no_violence,no431_xvid
no_violence,NV_51
no_violence,NV_96
no_violence,NV_836
no_violence,NV_304
no_violence,NV_110
no_violence,no406_xvid
no_violence,no214_xvid
no_violence,NV_389
no_violence,no250_xvid
no_violence,NV_896
no_violence,NV_795
no_violence,no443_xvid
no_violence,NV_183
no_violence,NV_498
no_violence,no460_xvid
no_violence,NV_991
no_violence,NV_785
no_violence,NV_609
no_violence,NV_606
no_violence,NV_865
no_violence,NV_134
no_violence,NV_973
no_violence,NV_326
no_violence,NV_123
no_violence,NV_54
no_violence,NV_350
no_violence,NV_561
no_violence,NV_290
no_violence,no4_xvid
no_violence,NV_28
no_violence,NV_35
no_violence,NV_90
no_violence,NV_975
no_violence,no412_xvid
no_violence,no37_xvid
no_violence,no46_xvid
no_violence,NV_681
no_violence,no148_xvid
no_violence,NV_457
no_violence,no100_xvid
no_violence,NV_324
no_violence,NV_598
no_violence,no142__xvid
no_violence,NV_416
no_violence,NV_179
no_violence,NV_460
no_violence,NV_456
no_violence,no35_xvid
no_violence,NV_515
no_violence,NV_891
no_violence,NV_557
no_violence,no29_xvid
no_violence,NV_231
no_violence,NV_380
no_violence,NV_687
no_violence,NV_315
no_violence,NV_157
no_violence,NV_6
no_violence,no200_xvid
no_violence,NV_277
no_violence,no182_xvid
no_violence,NV_617
no_violence,NV_881
no_violence,NV_335
no_violence,no490_xvid
no_violence,NV_178
no_violence,NV_455
no_violence,no415_xvid
no_violence,NV_996
no_violence,NV_187
no_violence,NV_600
no_violence,no74_xvid
no_violence,NV_184
no_violence,NV_674
no_violence,NV_813
no_violence,NV_970
no_violence,NV_760
no_violence,NV_144
no_violence,NV_24
no_violence,NV_800
no_violence,NV_634
no_violence,NV_884
no_violence,no437_xvid
no_violence,NV_816
no_violence,no179_xvid
no_violence,NV_531
no_violence,no107_xvid
no_violence,no194_xvid
no_violence,NV_788
no_violence,no78_xvid
no_violence,NV_19
no_violence,NV_215
no_violence,no98_xvid
no_violence,no201_xvid
no_violence,NV_280
no_violence,NV_53
no_violence,NV_154
no_violence,no426_xvid
no_violence,NV_774
no_violence,NV_751
no_violence,NV_602
no_violence,no172_xvid
no_violence,NV_848
no_violence,NV_752
no_violence,NV_856
no_violence,NV_733
no_violence,NV_234
no_violence,NV_213
no_violence,no242_xvid
no_violence,no476_xvid
no_violence,NV_59
no_violence,NV_699
no_violence,NV_264
no_violence,NV_915
no_violence,no405_xvid
no_violence,NV_443
no_violence,NV_402
no_violence,NV_254
no_violence,NV_513
no_violence,NV_701
no_violence,NV_990
no_violence,NV_966
no_violence,no120_xvid
no_violence,NV_193
no_violence,NV_914
no_violence,NV_86
no_violence,NV_702
no_violence,NV_465
no_violence,NV_310
no_violence,NV_597
no_violence,no480_xvid
no_violence,no151_xvid
no_violence,NV_571
no_violence,NV_447
no_violence,NV_633
no_violence,NV_578
no_violence,no106_xvid
no_violence,no419_xvid
no_violence,NV_622
no_violence,NV_685
no_violence,NV_969
no_violence,NV_745
no_violence,NV_659
no_violence,NV_180
no_violence,NV_64
no_violence,NV_248
no_violence,NV_777
no_violence,NV_4
no_violence,NV_391
no_violence,no85_xvid
no_violence,NV_921
no_violence,NV_470
no_violence,NV_887
no_violence,NV_585
no_violence,no129_xvid
no_violence,NV_784
no_violence,NV_618
no_violence,no136_xvid
no_violence,NV_239
no_violence,NV_871
no_violence,no178_xvid
no_violence,NV_988
no_violence,NV_765
no_violence,NV_230
no_violence,NV_582
no_violence,NV_965
no_violence,NV_36
no_violence,NV_548
no_violence,NV_142
no_violence,NV_104
no_violence,NV_580
no_violence,no51_xvid
no_violence,no450_xvid
no_violence,NV_928
no_violence,NV_720
no_violence,NV_223
no_violence,no127_xvid
no_violence,NV_145
no_violence,NV_930
no_violence,no137_xvid
no_violence,NV_246
no_violence,NV_132
no_violence,NV_414
no_violence,NV_58
no_violence,NV_850
no_violence,no213_xvid
no_violence,NV_263
no_violence,no187_xvid
no_violence,NV_84
no_violence,NV_833
no_violence,NV_773
no_violence,NV_630
no_violence,NV_554
no_violence,NV_261
no_violence,NV_275
no_violence,NV_48
no_violence,no180_xvid
no_violence,no208_xvid
no_violence,NV_964
no_violence,NV_817
no_violence,NV_957
no_violence,NV_959
no_violence,no167_xvid
no_violence,no448_xvid
no_violence,NV_593
no_violence,NV_529
no_violence,no114_xvid
no_violence,NV_97
no_violence,NV_271
no_violence,NV_237
no_violence,NV_726
no_violence,NV_81
no_violence,NV_464
no_violence,NV_568
no_violence,no483_xvid
no_violence,no41_xvid
no_violence,NV_724
no_violence,NV_504
no_violence,no169_xvid
no_violence,NV_18
no_violence,NV_866
no_violence,NV_211
no_violence,NV_591
no_violence,NV_509
no_violence,NV_55
no_violence,NV_352
no_violence,NV_680
no_violence,NV_463
no_violence,NV_703
no_violence,NV_160
no_violence,NV_205
no_violence,no497_xvid
no_violence,NV_302
no_violence,no117_xvid
no_violence,NV_794
no_violence,NV_50
no_violence,no429_xvid
no_violence,NV_522
no_violence,NV_525
no_violence,no9_xvid
no_violence,NV_164
no_violence,NV_718
no_violence,NV_747
no_violence,NV_80
no_violence,NV_487
no_violence,NV_935
no_violence,no435_xvid
no_violence,NV_41
no_violence,no403_xvid
no_violence,NV_200
no_violence,NV_429
no_violence,no430_xvid
no_violence,NV_165
no_violence,NV_743
no_violence,NV_72
no_violence,NV_490
no_violence,NV_604
no_violence,NV_301
no_violence,no425_xvid
no_violence,NV_612
no_violence,no219_xvid
no_violence,NV_514
no_violence,NV_204
no_violence,NV_129
no_violence,NV_433
no_violence,NV_372
no_violence,no432_xvid
no_violence,no217_xvid
no_violence,no477_xvid
no_violence,NV_67
no_violence,no54_xvid
no_violence,NV_821
no_violence,NV_345
no_violence,no111_xvid
no_violence,NV_454
no_violence,NV_291
no_violence,no159_xvid
no_violence,NV_468
no_violence,NV_91
no_violence,NV_268
no_violence,NV_922
no_violence,NV_323
no_violence,NV_65
no_violence,no8_xvid
no_violence,NV_960
no_violence,NV_517
no_violence,NV_207
no_violence,NV_337
no_violence,NV_542
no_violence,NV_929
no_violence,NV_516
no_violence,NV_748
no_violence,NV_808
no_violence,NV_913
no_violence,NV_79
no_violence,NV_161
no_violence,NV_987
no_violence,NV_432
no_violence,NV_141
no_violence,NV_631
no_violence,NV_38
no_violence,no455_xvid
no_violence,NV_495
no_violence,NV_700
no_violence,NV_218
no_violence,no50_xvid
no_violence,NV_158
no_violence,NV_284
no_violence,NV_462
no_violence,no91_xvid
no_violence,no97_xvid
no_violence,NV_599
no_violence,no56_xvid
no_violence,NV_112
no_violence,NV_705
no_violence,NV_287
no_violence,no164_xvid
no_violence,no92_xvid
no_violence,NV_819
no_violence,NV_704
no_violence,NV_120
no_violence,NV_815
no_violence,NV_967
no_violence,no249_xvid
no_violence,no475_xvid
no_violence,NV_282
no_violence,NV_423
no_violence,NV_786
no_violence,NV_943
no_violence,NV_189
no_violence,NV_377
no_violence,NV_643
no_violence,NV_706
no_violence,NV_983
no_violence,NV_341
no_violence,NV_128
no_violence,NV_948
no_violence,NV_481
no_violence,NV_250
no_violence,NV_343
no_violence,NV_544
no_violence,NV_381
no_violence,no500_xvid
no_violence,NV_52
no_violence,no110_xvid
no_violence,NV_501
no_violence,no102_xvid
no_violence,NV_446
no_violence,NV_313
no_violence,NV_710
no_violence,no131_xvid
no_violence,NV_757
no_violence,NV_951
no_violence,NV_889
no_violence,no33_xvid
no_violence,no230_xvid
no_violence,NV_66
no_violence,no434_xvid
no_violence,no115_xvid
no_violence,NV_486
no_violence,no59_xvid
no_violence,NV_767
no_violence,no20_xvid
no_violence,NV_695
no_violence,NV_942
no_violence,NV_209
no_violence,no499_xvid
no_violence,no14_xvid
no_violence,NV_306
no_violence,no496_xvid
no_violence,NV_766
no_violence,NV_502
no_violence,NV_49
no_violence,NV_883
no_violence,NV_393
no_violence,NV_729
no_violence,NV_445
no_violence,no479_xvid
no_violence,no248_xvid
no_violence,NV_418
no_violence,NV_203
no_violence,NV_3
no_violence,NV_106
no_violence,NV_888
no_violence,NV_712
no_violence,NV_524
no_violence,NV_592
no_violence,NV_803
no_violence,no414_xvid
no_violence,NV_938
no_violence,NV_477
no_violence,NV_872
no_violence,NV_614
no_violence,NV_190
no_violence,NV_895
no_violence,NV_459
no_violence,NV_276
no_violence,no171_xvid
no_violence,no468_xvid
no_violence,no470_xvid
no_violence,NV_611
no_violence,no239_xvid
no_violence,NV_196
no_violence,NV_722
no_violence,NV_731
no_violence,NV_945
no_violence,NV_328
no_violence,NV_202
no_violence,NV_143
no_violence,no439_xvid
no_violence,no36_xvid
no_violence,no93_xvid
no_violence,NV_811
no_violence,NV_408
no_violence,NV_174
no_violence,NV_70
no_violence,NV_45
no_violence,no233_xvid
no_violence,no446_xvid
no_violence,NV_76
no_violence,no487_xvid
no_violence,no407_xvid
no_violence,no484_xvid
no_violence,NV_149
no_violence,NV_874
no_violence,NV_151
no_violence,NV_170
no_violence,no27_xvid
no_violence,NV_878
no_violence,NV_603
no_violence,no227_xvid
no_violence,NV_546
no_violence,NV_621
no_violence,NV_776
no_violence,NV_244
no_violence,NV_483
no_violence,NV_73
no_violence,NV_995
no_violence,NV_581
no_violence,no173_xvid
no_violence,no161_xvid
no_violence,NV_947
no_violence,NV_584
no_violence,NV_510
no_violence,NV_577
no_violence,NV_257
no_violence,NV_553
no_violence,NV_436
no_violence,NV_147
no_violence,NV_741
no_violence,NV_332
no_violence,NV_155
no_violence,NV_739
no_violence,NV_243
no_violence,NV_413
no_violence,NV_437
no_violence,NV_191
no_violence,NV_936
no_violence,NV_308
no_violence,NV_507
no_violence,NV_979
no_violence,NV_869
no_violence,NV_469
no_violence,NV_404
no_violence,NV_797
no_violence,no478_xvid
no_violence,NV_133
no_violence,NV_740
no_violence,NV_944
no_violence,NV_867
no_violence,NV_892
no_violence,NV_908
no_violence,no135_xvid
no_violence,NV_253
no_violence,NV_924
no_violence,no427_xvid
no_violence,no228_xvid
no_violence,no89_xvid
no_violence,NV_998
no_violence,NV_435
no_violence,NV_796
no_violence,NV_993
no_violence,no183_xvid
no_violence,NV_258
no_violence,NV_805
no_violence,NV_723
no_violence,NV_565
no_violence,NV_533
no_violence,NV_886
no_violence,NV_314
no_violence,NV_822
no_violence,NV_835
no_violence,NV_619
no_violence,NV_625
no_violence,NV_10
no_violence,NV_648
no_violence,no99_xvid
no_violence,NV_113
no_violence,NV_950
no_violence,no422_xvid
no_violence,no39_xvid
no_violence,NV_131
no_violence,NV_339
no_violence,NV_100
no_violence,NV_727
no_violence,NV_652
no_violence,NV_225
no_violence,no105_xvid
no_violence,NV_646
no_violence,no18_xvid
no_violence,NV_386
no_violence,NV_375
no_violence,NV_894
no_violence,NV_114
no_violence,NV_779
no_violence,NV_834
no_violence,NV_772
no_violence,NV_696
no_violence,NV_347
no_violence,no63_xvid
no_violence,NV_419
no_violence,NV_441
no_violence,no189_xvid
no_violence,NV_168
no_violence,NV_442
no_violence,NV_737
no_violence,no463_xvid
no_violence,NV_172
no_violence,NV_505
no_violence,NV_605
no_violence,NV_927
no_violence,NV_57
no_violence,NV_77
no_violence,no126_xvid
no_violence,NV_383
no_violence,NV_576
no_violence,NV_260
no_violence,NV_978
no_violence,NV_654
no_violence,NV_281
no_violence,NV_475
no_violence,NV_547
no_violence,NV_371
no_violence,NV_997
no_violence,NV_294
no_violence,NV_279
no_violence,NV_289
no_violence,NV_265
no_violence,no60_xvid
no_violence,no160_xvid
no_violence,NV_494
no_violence,NV_438
no_violence,NV_665
no_violence,NV_645
no_violence,NV_439
no_violence,no153_xvid
no_violence,NV_368
no_violence,NV_653
no_violence,NV_730
no_violence,no147_xvid
no_violence,NV_474
no_violence,NV_425
no_violence,NV_229
no_violence,NV_926
no_violence,NV_749
no_violence,NV_409
no_violence,NV_564
no_violence,no31_xvid
no_violence,NV_541
no_violence,NV_853
no_violence,NV_16
no_violence,no492_xvid
no_violence,no459_xvid
no_violence,no223_xvid
no_violence,NV_658
no_violence,NV_461
no_violence,no13_xvid
no_violence,NV_109
no_violence,NV_678
no_violence,NV_623
no_violence,NV_758
no_violence,NV_88
no_violence,NV_176
no_violence,NV_651
no_violence,NV_616
no_violence,no224_xvid
no_violence,NV_78
no_violence,no211_xvid
no_violence,NV_22
no_violence,no229_xvid
no_violence,NV_247
no_violence,NV_949
no_violence,NV_893
no_violence,NV_227
no_violence,NV_655
no_violence,NV_919
no_violence,NV_877
no_violence,NV_962
no_violence,NV_663
no_violence,NV_841
no_violence,NV_153
no_violence,NV_940
no_violence,NV_753
no_violence,no88_xvid
no_violence,NV_714
no_violence,NV_543
no_violence,NV_422
no_violence,NV_519
no_violence,NV_968
no_violence,no166_xvid
no_violence,no84_xvid
no_violence,NV_493
no_violence,no423_xvid
no_violence,NV_387
no_violence,no451_xvid
no_violence,NV_195
no_violence,NV_338
no_violence,NV_116
no_violence,no94_xvid
no_violence,NV_124
no_violence,no132_xvid
no_violence,NV_152
no_violence,NV_252
no_violence,NV_750
no_violence,NV_572
no_violence,NV_285
no_violence,NV_210
no_violence,NV_830
no_violence,NV_221
no_violence,NV_586
no_violence,no466_xvid
no_violence,no207_xvid
no_violence,no246_xvid
no_violence,NV_217
no_violence,NV_108
no_violence,NV_858
no_violence,NV_384
no_violence,no456_xvid
no_violence,NV_127
no_violence,NV_458
no_violence,NV_166
no_violence,no62_xvid
no_violence,NV_13
no_violence,NV_566
no_violence,NV_61
no_violence,no87_xvid
no_violence,NV_656
no_violence,NV_849
no_violence,no197_xvid
no_violence,NV_173
no_violence,NV_309
no_violence,no2_xvid
no_violence,NV_636
no_violence,NV_385
no_violence,NV_573
no_violence,NV_177
no_violence,no472_xvid
no_violence,no474_xvid
no_violence,no55_xvid
no_violence,NV_182
no_violence,no489_xvid
no_violence,NV_845
no_violence,NV_428
no_violence,NV_42
no_violence,NV_121
no_violence,NV_270
no_violence,NV_415
no_violence,NV_762
no_violence,NV_199
no_violence,NV_738
no_violence,no444_xvid
no_violence,no141_xvid
no_violence,no225_xvid
no_violence,NV_717
no_violence,no469_xvid
no_violence,no44_xvid
no_violence,NV_245
no_violence,no66_xvid
no_violence,NV_364
no_violence,no42_xvid
no_violence,no198_xvid
no_violence,NV_657
no_violence,no234_xvid
no_violence,NV_842
no_violence,NV_693
no_violence,NV_99
no_violence,no144_xvid
no_violence,NV_388
no_violence,NV_905
no_violence,no76_xvid
no_violence,NV_963
no_violence,no143_xvid
no_violence,NV_868
no_violence,NV_589
no_violence,no48_xvid
no_violence,NV_802
no_violence,no45_xvid
no_violence,NV_538
no_violence,NV_406
no_violence,no438_xvid
no_violence,no138_xvid
no_violence,no409_xvid
no_violence,no488_xvid
no_violence,NV_30
no_violence,NV_775
no_violence,NV_532
no_violence,NV_331
no_violence,NV_790
no_violence,no86_xvid
no_violence,no433_xvid
no_violence,no121_xvid
no_violence,NV_818
no_violence,NV_283
no_violence,NV_135
no_violence,no69_xvid
no_violence,NV_570
no_violence,no491_xvid
no_violence,no152_xvid
no_violence,NV_596
no_violence,NV_879
no_violence,NV_709
no_violence,NV_984
no_violence,NV_826
no_violence,NV_770
no_violence,no73_xvid
no_violence,NV_999
no_violence,NV_675
no_violence,no188_xvid
no_violence,NV_122
no_violence,NV_139
no_violence,NV_575
no_violence,NV_972
no_violence,no473_xvid
no_violence,no26_xvid
no_violence,NV_499
no_violence,NV_569
no_violence,no493_xvid
no_violence,NV_262
no_violence,no436_xvid
no_violence,NV_764
no_violence,NV_303
no_violence,NV_692
no_violence,NV_94
no_violence,NV_954
no_violence,NV_336
no_violence,NV_497
no_violence,NV_923
no_violence,NV_399
no_violence,NV_534
no_violence,NV_46
no_violence,NV_825
no_violence,NV_370
no_violence,NV_754
no_violence,no122_xvid
no_violence,NV_897
no_violence,NV_162
no_violence,NV_562
no_violence,no428_xvid
no_violence,no96_xvid
no_violence,no185_xvid
no_violence,no116_xvid
no_violence,NV_92
no_violence,no103_xvid
no_violence,NV_901
no_violence,NV_742
no_violence,NV_307
no_violence,no128_xvid
no_violence,no32_xvid
no_violence,NV_167
no_violence,NV_792
no_violence,NV_778
no_violence,NV_903
no_violence,no95_xvid
no_violence,NV_667
no_violence,NV_333
yes_violence,V_335
yes_violence,fi22_xvid
yes_violence,fi387_xvid
yes_violence,V_225
yes_violence,V_383
yes_violence,fi327_xvid
yes_violence,V_571
yes_violence,fi47_xvid
yes_violence,V_544
yes_violence,V_672
yes_violence,V_624
yes_violence,V_698
yes_violence,V_473
yes_violence,V_476
yes_violence,fi493_xvid
yes_violence,V_61
yes_violence,V_385
yes_violence,fi348_xvid
yes_violence,fi473_xvid
yes_violence,V_552
yes_violence,V_822
yes_violence,V_549
yes_violence,V_625
yes_violence,fi107_xvid
yes_violence,V_440
yes_violence,fi274_xvid
yes_violence,V_457
yes_violence,fi330_xvid
yes_violence,V_585
yes_violence,V_848
yes_violence,fi121_xvid
yes_violence,V_394
yes_violence,V_268
yes_violence,V_891
yes_violence,V_987
yes_violence,V_471
yes_violence,V_479
yes_violence,V_896
yes_violence,fi238_xvid
yes_violence,fi202_xvid
yes_violence,V_107
yes_violence,V_930
yes_violence,fi11_xvid
yes_violence,V_140
yes_violence,V_367
yes_violence,fi227_xvid
yes_violence,fi137_xvid
yes_violence,V_689
yes_violence,V_682
yes_violence,fi409_xvid
yes_violence,fi191_xvid
yes_violence,V_207
yes_violence,fi310_xvid
yes_violence,fi389_xvid
yes_violence,V_130
yes_violence,V_763
yes_violence,V_42
yes_violence,V_823
yes_violence,V_195
yes_violence,fi12_xvid
yes_violence,V_749
yes_violence,fi372_xvid
yes_violence,V_839
yes_violence,fi390_xvid
yes_violence,V_67
yes_violence,V_869
yes_violence,V_3
yes_violence,V_337
yes_violence,fi346_xvid
yes_violence,fi305_xvid
yes_violence,V_670
yes_violence,V_884
yes_violence,V_134
yes_violence,fi385_xvid
yes_violence,fi34_xvid
yes_violence,V_634
yes_violence,V_977
yes_violence,V_326
yes_violence,fi43_xvid
yes_violence,V_521
yes_violence,V_490
yes_violence,V_684
yes_violence,V_241
yes_violence,V_99
yes_violence,fi54_xvid
yes_violence,fi263_xvid
yes_violence,V_22
yes_violence,fi334_xvid
yes_violence,V_908
yes_violence,fi262_xvid
yes_violence,V_232
yes_violence,V_386
yes_violence,V_285
yes_violence,V_742
yes_violence,fi20_xvid
yes_violence,V_202
yes_violence,fi471_xvid
yes_violence,fi192_xvid
yes_violence,fi244_xvid
yes_violence,fi373_xvid
yes_violence,fi31_xvid
yes_violence,fi477_xvid
yes_violence,fi241_xvid
yes_violence,fi364_xvid
yes_violence,fi425_xvid
yes_violence,V_988
yes_violence,V_90
yes_violence,fi113_xvid
yes_violence,V_434
yes_violence,V_531
yes_violence,fi344_xvid
yes_violence,V_103
yes_violence,V_101
yes_violence,V_83
yes_violence,V_793
yes_violence,V_955
yes_violence,V_885
yes_violence,V_921
yes_violence,V_936
yes_violence,V_579
yes_violence,fi18_xvid
yes_violence,V_351
yes_violence,fi116_xvid
yes_violence,V_524
yes_violence,V_353
yes_violence,V_206
yes_violence,V_830
yes_violence,fi494_xvid
yes_violence,V_553
yes_violence,fi453_xvid
yes_violence,V_753
yes_violence,fi439_xvid
yes_violence,fi273_xvid
yes_violence,fi117_xvid
yes_violence,V_293
yes_violence,V_84
yes_violence,fi106_xvid
yes_violence,V_74
yes_violence,fi70_xvid
yes_violence,V_632
yes_violence,fi60_xvid
yes_violence,V_32
yes_violence,fi415_xvid
yes_violence,V_399
yes_violence,V_145
yes_violence,fi460_xvid
yes_violence,V_71
yes_violence,V_910
yes_violence,fi84_xvid
yes_violence,V_40
yes_violence,V_53
yes_violence,V_863
yes_violence,fi397_xvid
yes_violence,V_850
yes_violence,V_993
yes_violence,V_709
yes_violence,V_683
yes_violence,fi341_xvid
yes_violence,fi405_xvid
yes_violence,V_257
yes_violence,V_180
yes_violence,V_827
yes_violence,fi110_xvid
yes_violence,V_380
yes_violence,V_736
yes_violence,V_678
yes_violence,fi444_xvid
yes_violence,fi352_xvid
yes_violence,V_894
yes_violence,fi16_xvid
yes_violence,V_366
yes_violence,fi486_xvid
yes_violence,V_654
yes_violence,V_835
yes_violence,fi376_xvid
yes_violence,V_569
yes_violence,V_545
yes_violence,V_116
yes_violence,V_959
yes_violence,fi33_xvid
yes_violence,fi455_xvid
yes_violence,V_60
yes_violence,V_997
yes_violence,V_270
yes_violence,V_491
yes_violence,V_183
yes_violence,V_616
yes_violence,V_725
yes_violence,V_149
yes_violence,V_204
yes_violence,V_661
yes_violence,fi100_xvid
yes_violence,V_969
yes_violence,V_816
yes_violence,V_295
yes_violence,fi343_xvid
yes_violence,fi104_xvid
yes_violence,V_543
yes_violence,V_913
yes_violence,V_846
yes_violence,V_219
yes_violence,fi359_xvid
yes_violence,V_691
yes_violence,V_507
yes_violence,V_27
yes_violence,V_28
yes_violence,V_583
yes_violence,fi108_xvid
yes_violence,V_837
yes_violence,V_591
yes_violence,V_870
yes_violence,V_584
yes_violence,V_30
yes_violence,V_159
yes_violence,fi278_xvid
yes_violence,fi301_xvid
yes_violence,V_668
yes_violence,fi74_xvid
yes_violence,V_892
yes_violence,V_963
yes_violence,fi363_xvid
yes_violence,V_958
yes_violence,V_928
yes_violence,fi164_xvid
yes_violence,fi392_xvid
yes_violence,V_414
yes_violence,V_210
yes_violence,V_664
yes_violence,V_623
yes_violence,V_185
yes_violence,fi203_xvid
yes_violence,fi125_xvid
yes_violence,V_741
yes_violence,fi456_xvid
yes_violence,V_498
yes_violence,fi232_xvid
yes_violence,fi412_xvid
yes_violence,V_216
yes_violence,V_820
yes_violence,V_788
yes_violence,V_253
yes_violence,V_78
yes_violence,V_470
yes_violence,fi256_xvid
yes_violence,V_494
yes_violence,V_112
yes_violence,fi145_xvid
yes_violence,V_415
yes_violence,V_973
yes_violence,V_558
yes_violence,V_705
yes_violence,V_266
yes_violence,fi136_xvid
yes_violence,fi476_xvid
yes_violence,fi167_xvid
yes_violence,fi231_xvid
yes_violence,V_982
yes_violence,V_196
yes_violence,fi246_xvid
yes_violence,fi120_xvid
yes_violence,V_91
yes_violence,fi367_xvid
yes_violence,fi103_xvid
yes_violence,fi433_xvid
yes_violence,V_838
yes_violence,V_562
yes_violence,fi408_xvid
yes_violence,V_319
yes_violence,V_932
yes_violence,fi86_xvid
yes_violence,V_503
yes_violence,V_514
yes_violence,fi88_xvid
yes_violence,V_382
yes_violence,V_781
yes_violence,fi72_xvid
yes_violence,V_115
yes_violence,fi142_xvid
yes_violence,fi185_xvid
yes_violence,fi138_xvid
yes_violence,V_370
yes_violence,V_461
yes_violence,fi81_xvid
yes_violence,V_798
yes_violence,fi452_xvid
yes_violence,fi406_xvid
yes_violence,V_44
yes_violence,V_458
yes_violence,V_508
yes_violence,fi451_xvid
yes_violence,fi119_xvid
yes_violence,V_388
yes_violence,V_158
yes_violence,V_352
yes_violence,fi61_xvid
yes_violence,V_690
yes_violence,V_172
yes_violence,fi165_xvid
yes_violence,V_408
yes_violence,V_363
yes_violence,V_453
yes_violence,V_468
yes_violence,V_396
yes_violence,V_613
yes_violence,V_269
yes_violence,fi170_xvid
yes_violence,fi224_xvid
yes_violence,fi209_xvid
yes_violence,fi461_xvid
yes_violence,V_780
yes_violence,fi355_xvid
yes_violence,V_944
yes_violence,V_4
yes_violence,V_357
yes_violence,V_362
yes_violence,V_47
yes_violence,V_419
yes_violence,fi129_xvid
yes_violence,fi189_xvid
yes_violence,fi328_xvid
yes_violence,V_688
yes_violence,V_735
yes_violence,fi237_xvid
yes_violence,V_720
yes_violence,V_12
yes_violence,V_961
yes_violence,V_290
yes_violence,V_862
yes_violence,V_133
yes_violence,V_801
yes_violence,fi99_xvid
yes_violence,fi285_xvid
yes_violence,V_69
yes_violence,fi312_xvid
yes_violence,V_177
yes_violence,fi90_xvid
yes_violence,fi339_xvid
yes_violence,V_890
yes_violence,V_138
yes_violence,V_563
yes_violence,V_840
yes_violence,fi39_xvid
yes_violence,fi148_xvid
yes_violence,V_445
yes_violence,V_462
yes_violence,V_209
yes_violence,V_754
yes_violence,V_506
yes_violence,fi218_xvid
yes_violence,fi159_xvid
yes_violence,V_906
yes_violence,fi475_xvid
yes_violence,V_41
yes_violence,V_33
yes_violence,V_220
yes_violence,V_663
yes_violence,fi314_xvid
yes_violence,V_459
yes_violence,V_484
yes_violence,V_187
yes_violence,fi75_xvid
yes_violence,fi134_xvid
yes_violence,fi50_xvid
yes_violence,V_755
yes_violence,fi28_xvid
yes_violence,V_248
yes_violence,V_218
yes_violence,fi217_xvid
yes_violence,V_39
yes_violence,V_215
yes_violence,fi470_xvid
yes_violence,V_628
yes_violence,V_706
yes_violence,V_281
yes_violence,fi213_xvid
yes_violence,fi27_xvid
yes_violence,V_348
yes_violence,V_166
yes_violence,V_546
yes_violence,V_517
yes_violence,V_734
yes_violence,V_627
yes_violence,fi52_xvid
yes_violence,V_119
yes_violence,V_529
yes_violence,V_796
yes_violence,V_701
yes_violence,V_271
yes_violence,V_828
yes_violence,V_296
yes_violence,V_738
yes_violence,V_911
yes_violence,fi266_xvid
yes_violence,fi275_xvid
yes_violence,V_557
yes_violence,V_554
yes_violence,fi77_xvid
yes_violence,fi156_xvid
yes_violence,V_497
yes_violence,V_331
yes_violence,fi326_xvid
yes_violence,V_486
yes_violence,fi469_xvid
yes_violence,fi360_xvid
yes_violence,fi71_xvid
yes_violence,V_364
yes_violence,fi421_xvid
yes_violence,fi141_xvid
yes_violence,fi290_xvid
yes_violence,V_188
yes_violence,V_651
yes_violence,V_82
yes_violence,V_354
yes_violence,fi492_xvid
yes_violence,fi114_xvid
yes_violence,V_343
yes_violence,V_540
yes_violence,V_36
yes_violence,fi188_xvid
yes_violence,fi448_xvid
yes_violence,fi198_xvid
yes_violence,fi459_xvid
yes_violence,fi424_xvid
yes_violence,V_994
yes_violence,V_874
yes_violence,V_570
yes_violence,V_900
yes_violence,fi135_xvid
yes_violence,V_418
yes_violence,V_669
yes_violence,fi163_xvid
yes_violence,V_512
yes_violence,V_746
yes_violence,V_384
yes_violence,fi366_xvid
yes_violence,V_598
yes_violence,V_631
yes_violence,fi414_xvid
yes_violence,V_11
yes_violence,V_923
yes_violence,V_575
yes_violence,V_909
yes_violence,V_901
yes_violence,V_804
yes_violence,fi193_xvid
yes_violence,fi210_xvid
yes_violence,V_142
yes_violence,V_895
yes_violence,V_586
yes_violence,V_389
yes_violence,fi450_xvid
yes_violence,fi24_xvid
yes_violence,V_243
yes_violence,fi371_xvid
yes_violence,V_342
yes_violence,fi196_xvid
yes_violence,V_288
yes_violence,V_572
yes_violence,V_70
yes_violence,fi155_xvid
yes_violence,fi190_xvid
yes_violence,V_902
yes_violence,fi442_xvid
yes_violence,V_538
yes_violence,fi245_xvid
yes_violence,fi402_xvid
yes_violence,V_991
yes_violence,V_730
yes_violence,V_496
yes_violence,V_431
yes_violence,V_526
yes_violence,V_520
yes_violence,V_346
yes_violence,V_179
yes_violence,V_169
yes_violence,fi242_xvid
yes_violence,V_960
yes_violence,V_809
yes_violence,fi42_xvid
yes_violence,V_63
yes_violence,V_978
yes_violence,V_917
yes_violence,V_10
yes_violence,V_475
yes_violence,V_931
yes_violence,V_637
yes_violence,fi411_xvid
yes_violence,V_113
yes_violence,V_922
yes_violence,V_135
yes_violence,V_762
yes_violence,fi73_xvid
yes_violence,V_574
yes_violence,fi391_xvid
yes_violence,fi375_xvid
yes_violence,fi264_xvid
yes_violence,fi398_xvid
yes_violence,V_76
yes_violence,V_945
yes_violence,fi94_xvid
yes_violence,fi354_xvid
yes_violence,V_417
yes_violence,fi235_xvid
yes_violence,V_355
yes_violence,fi445_xvid
yes_violence,V_95
yes_violence,V_308
yes_violence,V_819
yes_violence,V_611
yes_violence,V_604
yes_violence,V_339
yes_violence,V_1000
yes_violence,V_587
yes_violence,V_77
yes_violence,V_304
yes_violence,V_800
yes_violence,fi228_xvid
yes_violence,V_812
yes_violence,V_513
yes_violence,fi181_xvid
yes_violence,fi97_xvid
yes_violence,fi36_xvid
yes_violence,fi68_xvid
yes_violence,fi154_xvid
yes_violence,V_773
yes_violence,fi174_xvid
yes_violence,fi338_xvid
yes_violence,V_110
yes_violence,fi466_xvid
yes_violence,fi299_xvid
yes_violence,fi197_xvid
yes_violence,V_46
yes_violence,fi272_xvid
yes_violence,V_940
yes_violence,V_302
yes_violence,V_478
yes_violence,fi132_xvid
yes_violence,fi123_xvid
yes_violence,fi333_xvid
yes_violence,fi311_xvid
yes_violence,fi152_xvid
yes_violence,V_450
yes_violence,V_165
yes_violence,V_612
yes_violence,V_897
yes_violence,V_318
yes_violence,V_726
yes_violence,V_743
yes_violence,fi177_xvid
yes_violence,V_852
yes_violence,fi153_xvid
yes_violence,V_234
yes_violence,V_489
yes_violence,fi89_xvid
yes_violence,V_446
yes_violence,V_843
yes_violence,V_62
yes_violence,V_51
yes_violence,V_802
yes_violence,fi384_xvid
yes_violence,V_258
yes_violence,fi178_xvid
yes_violence,fi407_xvid
yes_violence,V_163
yes_violence,V_443
yes_violence,V_208
yes_violence,V_423
yes_violence,V_832
yes_violence,fi44_xvid
yes_violence,V_779
yes_violence,V_20
yes_violence,fi356_xvid
yes_violence,fi6_xvid
yes_violence,V_157
yes_violence,V_656
yes_violence,V_430
yes_violence,fi8_xvid
yes_violence,fi400_xvid
yes_violence,fi269_xvid
yes_violence,V_797
yes_violence,V_868
yes_violence,fi321_xvid
yes_violence,V_198
yes_violence,fi23_xvid
yes_violence,V_155
yes_violence,V_942
yes_violence,fi440_xvid
yes_violence,fi63_xvid
yes_violence,V_211
yes_violence,fi426_xvid
yes_violence,V_938
yes_violence,V_148
yes_violence,V_126
yes_violence,V_224
yes_violence,fi2_xvid
yes_violence,V_924
yes_violence,V_452
yes_violence,fi342_xvid
yes_violence,V_231
yes_violence,V_360
yes_violence,fi41_xvid
yes_violence,V_686
yes_violence,V_260
yes_violence,V_522
yes_violence,fi396_xvid
yes_violence,V_228
yes_violence,fi37_xvid
yes_violence,fi323_xvid
yes_violence,V_273
yes_violence,V_261
yes_violence,fi187_xvid
yes_violence,V_620
yes_violence,V_581
yes_violence,V_964
yes_violence,V_94
yes_violence,fi257_xvid
yes_violence,fi295_xvid
yes_violence,V_723
yes_violence,V_122
yes_violence,fi223_xvid
yes_violence,fi199_xvid
yes_violence,fi302_xvid
yes_violence,V_719
yes_violence,V_966
yes_violence,V_98
yes_violence,V_626
yes_violence,V_873
yes_violence,V_93
yes_violence,fi419_xvid
yes_violence,fi368_xvid
yes_violence,fi93_xvid
yes_violence,fi438_xvid
yes_violence,V_935
yes_violence,V_275
yes_violence,fi316_xvid
yes_violence,V_129
yes_violence,fi429_xvid
yes_violence,V_227
yes_violence,V_88
yes_violence,V_124
yes_violence,fi358_xvid
yes_violence,V_946
yes_violence,V_68
yes_violence,V_200
yes_violence,V_556
yes_violence,V_102
yes_violence,fi325_xvid
yes_violence,V_849
yes_violence,V_886
yes_violence,fi248_xvid
yes_violence,fi111_xvid
yes_violence,V_970
yes_violence,fi255_xvid
yes_violence,V_432
yes_violence,fi67_xvid
yes_violence,V_714
yes_violence,V_718
yes_violence,fi365_xvid
yes_violence,V_614
yes_violence,V_845
yes_violence,V_649
yes_violence,fi80_xvid
yes_violence,V_971
yes_violence,V_638
yes_violence,V_305
yes_violence,V_350
yes_violence,V_559
yes_violence,V_132
yes_violence,fi14_xvid
yes_violence,fi490_xvid
yes_violence,fi465_xvid
yes_violence,V_205
yes_violence,V_548
yes_violence,fi59_xvid
yes_violence,V_373
yes_violence,V_511
yes_violence,V_441
yes_violence,V_401
yes_violence,V_38
yes_violence,fi267_xvid
yes_violence,V_181
yes_violence,fi216_xvid
yes_violence,fi40_xvid
yes_violence,V_55
yes_violence,V_676
yes_violence,V_806
yes_violence,V_536
yes_violence,V_657
yes_violence,fi435_xvid
yes_violence,V_86
yes_violence,V_573
yes_violence,V_785
yes_violence,V_980
yes_violence,V_610
yes_violence,V_590
yes_violence,V_213
yes_violence,V_999
yes_violence,V_289
yes_violence,V_226
yes_violence,fi87_xvid
yes_violence,V_390
yes_violence,V_117
yes_violence,V_256
yes_violence,V_19
yes_violence,fi320_xvid
yes_violence,V_465
yes_violence,V_694
yes_violence,fi496_xvid
yes_violence,V_771
yes_violence,V_109
yes_violence,V_79
yes_violence,V_952
yes_violence,fi362_xvid
yes_violence,V_334
yes_violence,V_214
yes_violence,V_943
yes_violence,V_787
yes_violence,V_464
yes_violence,fi150_xvid
yes_violence,V_327
yes_violence,V_602
yes_violence,V_950
yes_violence,fi434_xvid
yes_violence,fi115_xvid
yes_violence,V_235
yes_violence,fi357_xvid
yes_violence,V_825
yes_violence,V_764
yes_violence,V_330
yes_violence,fi280_xvid
yes_violence,V_472
yes_violence,V_599
yes_violence,V_658
yes_violence,V_300
yes_violence,V_372
yes_violence,V_872
yes_violence,fi78_xvid
yes_violence,V_379
yes_violence,V_836
yes_violence,fi464_xvid
yes_violence,fi194_xvid
yes_violence,V_528
yes_violence,V_429
yes_violence,V_190
yes_violence,fi79_xvid
yes_violence,V_197
yes_violence,fi179_xvid
yes_violence,V_127
yes_violence,fi205_xvid
yes_violence,V_485
yes_violence,V_24
yes_violence,V_907
yes_violence,V_438
yes_violence,V_150
yes_violence,V_66
yes_violence,fi300_xvid
yes_violence,fi168_xvid
yes_violence,fi173_xvid
yes_violence,V_974
yes_violence,V_577
yes_violence,V_898
yes_violence,V_937
yes_violence,V_815
yes_violence,V_700
yes_violence,V_866
yes_violence,fi336_xvid
yes_violence,V_178
yes_violence,V_756
yes_violence,V_983
yes_violence,fi13_xvid
yes_violence,V_888
yes_violence,V_136
yes_violence,V_615
yes_violence,V_811
yes_violence,V_648
yes_violence,V_792
yes_violence,fi4_xvid
yes_violence,V_167
yes_violence,fi349_xvid
yes_violence,V_916
yes_violence,fi157_xvid
yes_violence,fi183_xvid
yes_violence,fi350_xvid
yes_violence,V_72
yes_violence,V_981
yes_violence,fi233_xvid
yes_violence,V_175
yes_violence,V_903
yes_violence,fi206_xvid
yes_violence,V_925
yes_violence,fi379_xvid
yes_violence,V_560
yes_violence,fi172_xvid
yes_violence,V_100
yes_violence,V_790
yes_violence,V_422
yes_violence,fi480_xvid
yes_violence,V_356
yes_violence,V_376
yes_violence,fi491_xvid
yes_violence,V_378
yes_violence,V_996
yes_violence,V_821
yes_violence,V_927
yes_violence,fi253_xvid
yes_violence,fi186_xvid
yes_violence,V_477
yes_violence,fi56_xvid
yes_violence,fi208_xvid
yes_violence,V_223
yes_violence,V_817
yes_violence,V_504
yes_violence,fi1_xvid
yes_violence,fi347_xvid
yes_violence,V_174
yes_violence,fi175_xvid
yes_violence,V_685
yes_violence,V_854
yes_violence,fi468_xvid
yes_violence,V_867
yes_violence,fi261_xvid
yes_violence,fi76_xvid
yes_violence,V_527
yes_violence,fi499_xvid
yes_violence,V_606
yes_violence,V_533
yes_violence,fi277_xvid
yes_violence,fi404_xvid
yes_violence,V_876
yes_violence,V_139
yes_violence,fi166_xvid
yes_violence,fi200_xvid
yes_violence,V_516
yes_violence,V_865
yes_violence,V_568
yes_violence,fi225_xvid
yes_violence,V_774
yes_violence,V_681
yes_violence,fi201_xvid
yes_violence,V_740
yes_violence,V_493
yes_violence,V_727
yes_violence,V_212
yes_violence,V_979
yes_violence,fi282_xvid
yes_violence,V_424
yes_violence,V_447
yes_violence,V_992
yes_violence,V_699
yes_violence,V_984
yes_violence,V_659
yes_violence,V_537
yes_violence,V_703
yes_violence,V_807
yes_violence,fi458_xvid
yes_violence,V_752
yes_violence,V_989
yes_violence,V_282
yes_violence,fi478_xvid
yes_violence,V_104
yes_violence,V_26
yes_violence,V_956
yes_violence,fi454_xvid
yes_violence,V_680
yes_violence,V_349
yes_violence,V_986
yes_violence,V_640
yes_violence,fi308_xvid
yes_violence,V_233
yes_violence,V_660
yes_violence,V_57
yes_violence,V_287
yes_violence,fi500_xvid
yes_violence,fi420_xvid
yes_violence,V_566
yes_violence,fi430_xvid
yes_violence,fi21_xvid
yes_violence,fi422_xvid
yes_violence,V_59
yes_violence,V_918
yes_violence,fi130_xvid
yes_violence,V_534
yes_violence,V_565
yes_violence,V_777
yes_violence,V_341
yes_violence,V_58
yes_violence,V_652
yes_violence,V_365
yes_violence,V_834
yes_violence,V_189
yes_violence,V_400
yes_violence,V_957
yes_violence,V_617
yes_violence,V_393
yes_violence,V_737
yes_violence,V_131
yes_violence,fi276_xvid
yes_violence,fi48_xvid
yes_violence,V_87
yes_violence,V_309
yes_violence,V_259
yes_violence,V_143
yes_violence,V_582
yes_violence,fi489_xvid
yes_violence,V_153
yes_violence,fi317_xvid
yes_violence,V_596
yes_violence,V_347
yes_violence,V_551
yes_violence,V_499
yes_violence,V_707
yes_violence,V_495
yes_violence,V_597
yes_violence,fi483_xvid
yes_violence,fi481_xvid
yes_violence,V_501
yes_violence,V_541
yes_violence,fi441_xvid
yes_violence,V_345
yes_violence,V_314
yes_violence,fi112_xvid
yes_violence,V_263
yes_violence,fi249_xvid
yes_violence,V_321
yes_violence,fi374_xvid
yes_violence,V_778
yes_violence,V_715
yes_violence,V_358
yes_violence,V_240
yes_violence,V_515
yes_violence,V_765
yes_violence,V_975
yes_violence,V_249
yes_violence,V_841
yes_violence,V_724
yes_violence,V_542
yes_violence,V_609
yes_violence,V_864
yes_violence,V_16
yes_violence,V_171
yes_violence,V_914
yes_violence,V_368
yes_violence,V_769
yes_violence,fi340_xvid
yes_violence,V_731
yes_violence,V_893
yes_violence,V_114
yes_violence,fi69_xvid
yes_violence,V_712
yes_violence,V_108
yes_violence,fi124_xvid
yes_violence,V_43
yes_violence,V_662
yes_violence,fi345_xvid
yes_violence,fi207_xvid
yes_violence,V_948
yes_violence,V_855
yes_violence,V_592
yes_violence,V_622
yes_violence,V_137
yes_violence,V_847
yes_violence,fi143_xvid
yes_violence,fi219_xvid
yes_violence,V_618
yes_violence,V_482
yes_violence,V_547
yes_violence,V_879
yes_violence,V_857
yes_violence,fi383_xvid
yes_violence,V_875
yes_violence,V_600
yes_violence,V_770
yes_violence,fi399_xvid
yes_violence,V_519
yes_violence,V_995
yes_violence,V_502
yes_violence,fi463_xvid
yes_violence,V_729
yes_violence,V_186
yes_violence,fi268_xvid
yes_violence,V_264
yes_violence,V_317
yes_violence,fi482_xvid
yes_violence,V_708
yes_violence,fi457_xvid
yes_violence,V_312
yes_violence,V_164
yes_violence,V_64
yes_violence,fi9_xvid
yes_violence,V_34
yes_violence,V_460
yes_violence,fi315_xvid
yes_violence,V_535
yes_violence,fi296_xvid
yes_violence,V_795
yes_violence,fi49_xvid
yes_violence,V_748
yes_violence,fi286_xvid
yes_violence,fi427_xvid
yes_violence,fi294_xvid
yes_violence,V_284
yes_violence,V_500
yes_violence,V_328
yes_violence,fi254_xvid
yes_violence,V_929
yes_violence,fi474_xvid
yes_violence,V_768
yes_violence,fi122_xvid
yes_violence,fi45_xvid
yes_violence,fi161_xvid
yes_violence,V_509
yes_violence,V_696
yes_violence,V_601
yes_violence,V_603
yes_violence,fi105_xvid
yes_violence,V_48
yes_violence,fi488_xvid
yes_violence,fi169_xvid
yes_violence,V_856
